{"assets/images/advertising_agent_banner.png":["assets/images/advertising_agent_banner.png"],"assets/images/cash_back_bonus_banner.png":["assets/images/cash_back_bonus_banner.png"],"assets/images/certification_banner.png":["assets/images/certification_banner.png"],"assets/images/cloudworkers_banner.png":["assets/images/cloudworkers_banner.png"],"assets/images/gold_banner.png":["assets/images/gold_banner.png"],"assets/images/maybach.png":["assets/images/maybach.png"],"assets/images/maybach_banner.png":["assets/images/maybach_banner.png"],"assets/images/maybach_banner_2.png":["assets/images/maybach_banner_2.png"],"assets/images/maybach_logo.png":["assets/images/maybach_logo.png"],"assets/images/maybach_logo.svg":["assets/images/maybach_logo.svg"],"assets/images/platinum_banner.png":["assets/images/platinum_banner.png"],"assets/images/pro_bonus_banner.png":["assets/images/pro_bonus_banner.png"],"assets/images/remotasks_banner.png":["assets/images/remotasks_banner.png"],"assets/images/silver_banner.png":["assets/images/silver_banner.png"],"assets/images/welcome_bonus_banner.png":["assets/images/welcome_bonus_banner.png"],"packages/cupertino_icons/assets/CupertinoIcons.ttf":["packages/cupertino_icons/assets/CupertinoIcons.ttf"],"packages/fluttertoast/assets/toastify.css":["packages/fluttertoast/assets/toastify.css"],"packages/fluttertoast/assets/toastify.js":["packages/fluttertoast/assets/toastify.js"],"packages/font_awesome_flutter/lib/fonts/fa-brands-400.ttf":["packages/font_awesome_flutter/lib/fonts/fa-brands-400.ttf"],"packages/font_awesome_flutter/lib/fonts/fa-regular-400.ttf":["packages/font_awesome_flutter/lib/fonts/fa-regular-400.ttf"],"packages/font_awesome_flutter/lib/fonts/fa-solid-900.ttf":["packages/font_awesome_flutter/lib/fonts/fa-solid-900.ttf"]}